<channel>
  <id>9c5e4957-7cb2-407e-8da6-ab1e44bd95de</id>
  <name>Audit Channel</name>
  <description></description>
  <enabled>true</enabled>
  <version>2.2.1.5861</version>
  <lastModified>
    <time>1366451173213</time>
    <timezone>Africa/Nairobi</timezone>
  </lastModified>
  <revision>1</revision>
  <sourceConnector>
    <name>sourceConnector</name>
    <properties>
      <property name="DataType">Channel Reader</property>
      <property name="responseValue">None</property>
    </properties>
    <transformer>
      <steps/>
      <inboundTemplate encoding="base64"></inboundTemplate>
      <outboundTemplate encoding="base64"></outboundTemplate>
      <inboundProtocol>XML</inboundProtocol>
      <outboundProtocol>XML</outboundProtocol>
      <inboundProperties>
        <property name="stripNamespaces">true</property>
      </inboundProperties>
      <outboundProperties>
        <property name="stripNamespaces">true</property>
      </outboundProperties>
    </transformer>
    <filter>
      <rules/>
    </filter>
    <transportName>Channel Reader</transportName>
    <mode>SOURCE</mode>
    <enabled>true</enabled>
    <version>2.2.1.5861</version>
  </sourceConnector>
  <destinationConnectors>
    <connector>
      <name>Destination 1</name>
      <properties>
        <property name="DataType">HTTP Sender</property>
        <property name="dispatcherAuthenticationType">Basic</property>
        <property name="dispatcherCharset">UTF-8</property>
        <property name="dispatcherContent">${message.rawData}</property>
        <property name="dispatcherContentType">text/plain</property>
        <property name="dispatcherHeaders">&lt;properties&gt;
  &lt;property name=&quot;Content-type&quot;&gt;text/xml&lt;/property&gt;
&lt;/properties&gt;</property>
        <property name="dispatcherIncludeHeadersInResponse">0</property>
        <property name="dispatcherMethod">post</property>
        <property name="dispatcherMultipart">0</property>
        <property name="dispatcherParameters">&lt;properties/&gt;</property>
        <property name="dispatcherPassword">test</property>
        <property name="dispatcherReplyChannelId">sink</property>
        <property name="dispatcherSocketTimeout">30000</property>
        <property name="dispatcherUseAuthentication">1</property>
        <property name="dispatcherUsername">admin</property>
        <property name="host">http://localhost:8081/openhds/api/rest/mobile/form-instance</property>
        <property name="queuePollInterval">200</property>
        <property name="reconnectMillisecs">10000</property>
        <property name="rotateQueue">0</property>
        <property name="usePersistentQueues">0</property>
      </properties>
      <transformer>
        <steps/>
        <inboundTemplate encoding="base64"></inboundTemplate>
        <outboundTemplate encoding="base64"></outboundTemplate>
        <inboundProtocol>XML</inboundProtocol>
        <outboundProtocol>XML</outboundProtocol>
        <inboundProperties>
          <property name="stripNamespaces">true</property>
        </inboundProperties>
        <outboundProperties>
          <property name="stripNamespaces">true</property>
        </outboundProperties>
      </transformer>
      <filter>
        <rules/>
      </filter>
      <transportName>HTTP Sender</transportName>
      <mode>DESTINATION</mode>
      <enabled>true</enabled>
      <version>2.2.1.5861</version>
    </connector>
  </destinationConnectors>
  <properties>
    <property name="clearGlobalChannelMap">true</property>
    <property name="dont_store_filtered">false</property>
    <property name="encryptData">false</property>
    <property name="error_messages_only">false</property>
    <property name="initialState">stopped</property>
    <property name="max_message_age">-1</property>
    <property name="store_messages">true</property>
    <property name="synchronous">true</property>
    <property name="transactional">false</property>
  </properties>
  <preprocessingScript>// Modify the message variable below to pre process data
return message;</preprocessingScript>
  <postprocessingScript>// This script executes once after a message has been processed
return;</postprocessingScript>
  <deployScript>// This script executes once when the channel is deployed
// You only have access to the globalMap and globalChannelMap here to persist data
return;</deployScript>
  <shutdownScript>// This script executes once when the channel is undeployed
// You only have access to the globalMap and globalChannelMap here to persist data
return;</shutdownScript>
</channel>