<channel>
  <id>b1417ca4-5bce-4444-ad0a-5df342769b10</id>
  <name>SocialGroup Channel</name>
  <description></description>
  <enabled>true</enabled>
  <version>2.2.1.5861</version>
  <lastModified>
    <time>1350031371560</time>
    <timezone>Africa/Nairobi</timezone>
  </lastModified>
  <revision>2</revision>
  <sourceConnector>
    <name>sourceConnector</name>
    <properties>
      <property name="DataType">Database Reader</property>
      <property name="URL">jdbc:mysql://localhost:3306/hdss</property>
      <property name="ack"></property>
      <property name="ackScript">// This update script will be executed once for ever result returned from the above query.
var dbConn = DatabaseConnectionFactory.createDatabaseConnection(&apos;com.mysql.jdbc.Driver&apos;,&apos;jdbc:mysql://localhost:3306/hdss&apos;,&apos;dhis&apos;,&apos;ihidata&apos;);


var result = dbConn.executeUpdate(&quot;UPDATE socialgroup SET processed_by_mirth = true WHERE id = &apos;&quot; + $(&apos;uri&apos;) + &quot;&apos;&quot;);
dbConn.close();
</property>
      <property name="driver">com.mysql.jdbc.Driver</property>
      <property name="host">query</property>
      <property name="password">ihidata</property>
      <property name="pollingFrequency">15000</property>
      <property name="pollingType">interval</property>
      <property name="processResultsInOrder">1</property>
      <property name="query"></property>
      <property name="script">var dbConn = DatabaseConnectionFactory.createDatabaseConnection(&apos;com.mysql.jdbc.Driver&apos;,&apos;jdbc:mysql://localhost:3306/hdss&apos;,&apos;dhis&apos;,&apos;ihidata&apos;);

var result = dbConn.executeCachedQuery(&quot;select s.id as uri, s.FIELDWORKER  as fieldWorker, s.instanceId as istanceId, s.SOCIALGPID as socialGroupId, s.HEADID as perm_id, s.TYPE as groupType  FROM socialgroup s WHERE processed_by_mirth = false;&quot;);
dbConn.close();

return result;</property>
      <property name="useAck">1</property>
      <property name="useScript">1</property>
      <property name="username">dhis</property>
    </properties>
    <transformer>
      <steps>
        <step>
          <sequenceNumber>0</sequenceNumber>
          <name>collectedBy - extId (out)</name>
          <script>tmp[&apos;collectedBy&apos;][&apos;extId&apos;] = validate(msg[&apos;fieldworker&apos;].toString().toUpperCase(), &apos;&apos;, new Array());</script>
          <type>Message Builder</type>
          <data class="map">
            <entry>
              <string>Variable</string>
              <string>tmp[&apos;collectedBy&apos;][&apos;extId&apos;]</string>
            </entry>
            <entry>
              <string>DefaultValue</string>
              <string></string>
            </entry>
            <entry>
              <string>RegularExpressions</string>
              <list/>
            </entry>
            <entry>
              <string>Mapping</string>
              <string>msg[&apos;fieldworker&apos;].toString().toUpperCase()</string>
            </entry>
          </data>
        </step>
        <step>
          <sequenceNumber>1</sequenceNumber>
          <name>extId (out)</name>
          <script>tmp[&apos;extId&apos;] = validate(msg[&apos;socialgroupid&apos;].toString().toUpperCase(), &apos;&apos;, new Array());</script>
          <type>Message Builder</type>
          <data class="map">
            <entry>
              <string>Variable</string>
              <string>tmp[&apos;extId&apos;]</string>
            </entry>
            <entry>
              <string>DefaultValue</string>
              <string></string>
            </entry>
            <entry>
              <string>Mapping</string>
              <string>msg[&apos;socialgroupid&apos;].toString().toUpperCase()</string>
            </entry>
            <entry>
              <string>RegularExpressions</string>
              <list/>
            </entry>
          </data>
        </step>
        <step>
          <sequenceNumber>2</sequenceNumber>
          <name>groupHead - extId (out)</name>
          <script>tmp[&apos;groupHead&apos;][&apos;extId&apos;] = validate(msg[&apos;perm_id&apos;].toString().toUpperCase(), &apos;&apos;, new Array());</script>
          <type>Message Builder</type>
          <data class="map">
            <entry>
              <string>Variable</string>
              <string>tmp[&apos;groupHead&apos;][&apos;extId&apos;]</string>
            </entry>
            <entry>
              <string>DefaultValue</string>
              <string></string>
            </entry>
            <entry>
              <string>RegularExpressions</string>
              <list/>
            </entry>
            <entry>
              <string>Mapping</string>
              <string>msg[&apos;perm_id&apos;].toString().toUpperCase()</string>
            </entry>
          </data>
        </step>
        <step>
          <sequenceNumber>3</sequenceNumber>
          <name>groupType (out)</name>
          <script>tmp[&apos;groupType&apos;] = validate(msg[&apos;grouptype&apos;].toString().toUpperCase(), &apos;&apos;, new Array());</script>
          <type>Message Builder</type>
          <data class="map">
            <entry>
              <string>Variable</string>
              <string>tmp[&apos;groupType&apos;]</string>
            </entry>
            <entry>
              <string>DefaultValue</string>
              <string></string>
            </entry>
            <entry>
              <string>RegularExpressions</string>
              <list/>
            </entry>
            <entry>
              <string>Mapping</string>
              <string>msg[&apos;grouptype&apos;].toString().toUpperCase()</string>
            </entry>
          </data>
        </step>
      </steps>
      <inboundTemplate encoding="base64">PD94bWwgdmVyc2lvbj0iMS4wIiBlbmNvZGluZz0iVVRGLTgiIHN0YW5kYWxvbmU9Im5vIj8+DQo8
cmVzdWx0Pg0KICAgIDx1cmk+dmFsdWU8L3VyaT4NCiAgICA8ZmllbGR3b3JrZXI+dmFsdWU8L2Zp
ZWxkd29ya2VyPg0KICAgIDxpc3RhbmNlaWQ+dmFsdWU8L2lzdGFuY2VpZD4NCiAgICA8c29jaWFs
Z3JvdXBpZD52YWx1ZTwvc29jaWFsZ3JvdXBpZD4NCiAgICA8cGVybV9pZD52YWx1ZTwvcGVybV9p
ZD4NCiAgICA8Z3JvdXB0eXBlPnZhbHVlPC9ncm91cHR5cGU+DQo8L3Jlc3VsdD4NCg==</inboundTemplate>
      <outboundTemplate encoding="base64">PHNvY2lhbGdyb3VwPgogIDxjb2xsZWN0ZWRCeT4KICAgIDxleHRJZCAvPgogIDwvY29sbGVjdGVk
Qnk+CiAgPGV4dElkIC8+CiAgPGdyb3VwSGVhZD4KICAgIDxleHRJZCAvPgogIDwvZ3JvdXBIZWFk
PgogICA8Z3JvdXBUeXBlIC8+Cjwvc29jaWFsZ3JvdXA+Cg==</outboundTemplate>
      <inboundProtocol>XML</inboundProtocol>
      <outboundProtocol>XML</outboundProtocol>
      <inboundProperties>
        <property name="stripNamespaces">true</property>
      </inboundProperties>
      <outboundProperties>
        <property name="stripNamespaces">true</property>
      </outboundProperties>
    </transformer>
    <filter>
      <rules/>
    </filter>
    <transportName>Database Reader</transportName>
    <mode>SOURCE</mode>
    <enabled>true</enabled>
    <version>2.2.1.5861</version>
  </sourceConnector>
  <destinationConnectors>
    <connector>
      <name>Destination 1</name>
      <properties>
        <property name="DataType">HTTP Sender</property>
        <property name="dispatcherAuthenticationType">Basic</property>
        <property name="dispatcherCharset">UTF-8</property>
        <property name="dispatcherContent">${message.transformedData}</property>
        <property name="dispatcherContentType">text/plain</property>
        <property name="dispatcherHeaders">&lt;properties&gt;
  &lt;property name=&quot;Content-type&quot;&gt;application/xml&lt;/property&gt;
&lt;/properties&gt;</property>
        <property name="dispatcherIncludeHeadersInResponse">0</property>
        <property name="dispatcherMethod">post</property>
        <property name="dispatcherMultipart">0</property>
        <property name="dispatcherParameters">&lt;properties/&gt;</property>
        <property name="dispatcherPassword">test</property>
        <property name="dispatcherReplyChannelId">sink</property>
        <property name="dispatcherSocketTimeout">30000</property>
        <property name="dispatcherUseAuthentication">1</property>
        <property name="dispatcherUsername">admin</property>
        <property name="host">http://localhost:8081/openhds/api/rest/corewebservice/socialgroup</property>
        <property name="queuePollInterval">200</property>
        <property name="reconnectMillisecs">10000</property>
        <property name="rotateQueue">0</property>
        <property name="usePersistentQueues">0</property>
      </properties>
      <transformer>
        <steps/>
        <inboundTemplate encoding="base64"></inboundTemplate>
        <outboundTemplate encoding="base64"></outboundTemplate>
        <inboundProtocol>XML</inboundProtocol>
        <outboundProtocol>XML</outboundProtocol>
        <inboundProperties>
          <property name="stripNamespaces">true</property>
        </inboundProperties>
        <outboundProperties>
          <property name="stripNamespaces">true</property>
        </outboundProperties>
      </transformer>
      <filter>
        <rules/>
      </filter>
      <transportName>HTTP Sender</transportName>
      <mode>DESTINATION</mode>
      <enabled>true</enabled>
      <version>2.2.1.5861</version>
    </connector>
  </destinationConnectors>
  <properties>
    <property name="clearGlobalChannelMap">true</property>
    <property name="dont_store_filtered">true</property>
    <property name="encryptData">false</property>
    <property name="error_messages_only">false</property>
    <property name="initialState">stopped</property>
    <property name="max_message_age">-1</property>
    <property name="store_messages">true</property>
    <property name="synchronous">true</property>
    <property name="transactional">false</property>
  </properties>
  <preprocessingScript>// Modify the message variable below to pre process data
return message;</preprocessingScript>
  <postprocessingScript>var obj = responseMap.get(&quot;Destination 1&quot;);
var msgXml = new XML(obj.getMessage());
var origXml = new XML(messageObject.getRawData());
var instanceId = &quot;&lt;formInstanceId&gt;&quot; + origXml[&apos;instance_id&apos;] + &quot;&lt;/formInstanceId&gt;&quot;;
var validationMsgs = [];
for(var i = 0; i &lt; msgXml[&quot;errors&quot;].length(); i++) {
  validationMsgs.push(&quot;&lt;validation-message&gt;&lt;message&gt;&quot; + msgXml[&quot;errors&quot;][i] + &quot;&lt;/message&gt;&lt;/validation-message&gt;&quot;);
}

var formXml = &quot;&lt;form-instance&gt;&quot; + instanceId + validationMsgs.join(&quot;&quot;) + &quot;&lt;/form-instance&gt;&quot;;

router.routeMessage(&quot;Audit Channel&quot;, formXml);&#xd;return;</postprocessingScript>
  <deployScript>// This script executes once when the channel is deployed
// You only have access to the globalMap and globalChannelMap here to persist data
return;</deployScript>
  <shutdownScript>// This script executes once when the channel is undeployed
// You only have access to the globalMap and globalChannelMap here to persist data
return;</shutdownScript>
</channel>